Nombre,Categoria
ADOLFO HITLER,BIOGRAFÍA
ALBERTO EINSTEIN,BIOGRAFÍA
ALLENDE IGNACIO,BIOGRAFÍA
ANTONIO LORENZO LAVOISIER,BIOGRAFÍA
ARISTOTELES,BIOGRAFÍA
ARQUÍMEDES,BIOGRAFÍA
BENJAMIN FRANKLIN,BIOGRAFÍA
BLAISE PASCAL,BIOGRAFÍA
CARLOS DARWIN,BIOGRAFÍA
CARLOS MARX,BIOGRAFÍA
COLÓN CRISTÓBAL,BIOGRAFÍA
GALILEO GALILEI,BIOGRAFÍA
HERMENEGILDO GALEANA,BIOGRAFÍA
ISAAC NEWTON,BIOGRAFÍA
JHOHN DALTON,BIOGRAFÍA
JOHANNES KEPLER,BIOGRAFÍA
JOSÉ VASCONCELOS,BIOGRAFÍA
JUAN J. ROUSSEAU,BIOGRAFÍA
JUÁREZ BENITO,BIOGRAFÍA
LEONARDO DA VINCI,BIOGRAFÍA
LUDWIG VAN BEETHOVEN,BIOGRAFÍA
LUIS PASTEUR,BIOGRAFÍA
MADERO FRANCISCO,BIOGRAFÍA
MIGUEL DE CERVANTES SAAVEDRA,BIOGRAFÍA
MORELOS Y PAVÓN JOSÉ MA,BIOGRAFÍA
NAPOLEÓN BONAPARTE,BIOGRAFÍA
NICOLÁS COPÉRNICO,BIOGRAFÍA
OCTAVIO PAZ,BIOGRAFÍA
PITÁGORAS,BIOGRAFÍA
PLATÓN,BIOGRAFÍA
RENATO DESCARTES,BIOGRAFÍA
SOR JUANA INÉS DE LA CRUZ,BIOGRAFÍA
SÓCRATES,BIOGRAFÍA
TALES DE MILETO,BIOGRAFÍA
TOMAS ALBA EDISON,BIOGRAFÍA
ALIMENTOS TRANSGENERICOS,MONOGRAFÍA
ANIMALES ACUATICOS,MONOGRAFÍA
ANIMALES DOMESTICOS,MONOGRAFÍA
ANIMALES EN PELIGRO DE EXTINCION,MONOGRAFÍA
ANIMALES HERBIVOROS Y CARNIVOROS,MONOGRAFÍA
ANIMALES SALVAJES,MONOGRAFÍA
ANOREXIA Y BULIMIA,MONOGRAFÍA
ANTICONCEPTIVOS,MONOGRAFÍA
APARATO CIRCULATORIO,MONOGRAFÍA
APARATO DIGESTIVO,MONOGRAFÍA
APARATO REPRODUCTOR FEMENINO,MONOGRAFÍA
APARATO REPRODUCTOR MASCULINO,MONOGRAFÍA
BATALLA DEL 5 DE MAYO,MONOGRAFÍA
BULLYING,MONOGRAFÍA
CADENAS ALIMENTICIAS,MONOGRAFÍA
CONSUMACION DE LA INDEPENDENCIA,MONOGRAFÍA
CUERPO HUMANO COMPLETO,MONOGRAFÍA
CULTURA AZTECA 1,MONOGRAFÍA
CULTURA MAYA 1,MONOGRAFÍA
CULTURA MEXICANA,MONOGRAFÍA
CULTURA OLMECA,MONOGRAFÍA
CULTURA TEOTIHUACANA,MONOGRAFÍA
CULTURA TOLTECA 1,MONOGRAFÍA
CULTURA ZAPOTECA,MONOGRAFÍA
DESARROLLO HUMANO,MONOGRAFÍA
EL AGUA Y LA VIDA,MONOGRAFÍA
EL CICLO DEL AGUA,MONOGRAFÍA
EL SISTEMA SOLAR ,MONOGRAFÍA
FIGURAS Y CUERPOS GEOMETRICOS,MONOGRAFÍA
GRUPOS ÉTNICOS DE LA REPUBLICA MEXICANA,MONOGRAFÍA
INSTRUMENTOS LABORATORIO 1 ,MONOGRAFÍA
JARRA DEL BUEN BEBER,MONOGRAFÍA
LA EVOLUCION DE LA VIDA,MONOGRAFÍA
LA EVOLUCION DEL HOMBRE,MONOGRAFÍA
LA INDEPENDENCIA Y SUS ANTECEDENTES,MONOGRAFÍA
LA REVOLUCIÓN INDUSTRIAL,MONOGRAFÍA
LAS CUATRO ESTACIONES DEL AÑO,MONOGRAFÍA
LAS FRUTAS 1,MONOGRAFÍA
LOS DERECHO HUNAMOS,MONOGRAFÍA
LOS SENTIDOS ,MONOGRAFÍA
LOS VALORES ÉTICOS Y CÍVICOS,MONOGRAFÍA
MESOAMÉRICA,MONOGRAFÍA
PIRAMIDE ALIMENTARIA,MONOGRAFÍA
PRESIDENTES DE MÉXICO 1,MONOGRAFÍA
PRESIDENTES DE MÉXICO 2,MONOGRAFÍA
REVOLUCIÓN MEXICANA,MONOGRAFÍA
SEXUALIDAD: PUBERTAD Y ADOLESCENCIA,MONOGRAFÍA
VALORES UNIVERSALES,MONOGRAFÍA
VIOLENCIA INTRAFAMILIAR,MONOGRAFÍA
